listing_id,listing_address,user_id,user_name,user_photo,review_id,review_text,rating,review_date
1,"651 Ferry Harbor, North Florinebury, North Carolina, 49424-5127",1,Julia Orn,https://loremflickr.com/320/240/selfie/?random=,1,magenta JSON Bacon Handmade Soft Keyboard transmitting Springs blue Somalia Poland white violet Practical Human Convertible Marks Gorgeous Fresh Mouse Facilitator Concrete Fresh programming grid-enabled Applications holistic connecting panel Steel Extended Bacon,4,Sat Dec 15 1979
1,"651 Ferry Harbor, North Florinebury, North Carolina, 49424-5127",2,Darby Gottlieb,https://loremflickr.com/320/240/selfie/?random=,2,Computers Configuration Norwegian Krone Coordinator Associate attitude Operations Comoros Borders Small Borders Steel Executive Court Jordanian Dinar architect Branding Slovakia (Slovak Republic) firewall Club Chair Producer,2,Tue May 01 2012
1,"651 Ferry Harbor, North Florinebury, North Carolina, 49424-5127",3,Keeley Dooley,https://loremflickr.com/320/240/selfie/?random=,3,productize Throughway Soft Mobility alarm HTTP withdrawal Avon invoice implement Developer Persistent Extended hack real-time Sleek Frozen Fish salmon homogeneous Auto Loan Account plum,0,Wed Feb 12 2020
1,"651 Ferry Harbor, North Florinebury, North Carolina, 49424-5127",4,Wava Predovic,https://loremflickr.com/320/240/selfie/?random=,4,Checking Account intermediate Checking Account Minnesota HDD Borders Village Supervisor bricks-and-clicks Checking Account bypassing cutting-edge Savings Account Practical Concrete Towels Automated Montenegro,1,Wed Feb 11 1970
1,"651 Ferry Harbor, North Florinebury, North Carolina, 49424-5127",5,Gabe Prosacco,https://loremflickr.com/320/240/selfie/?random=,5,Program approach FTP JSON Investment Account Ergonomic Rubber Mouse Architect implementation Future sensor copying Ameliorated,5,Sun Feb 07 2010
1,"651 Ferry Harbor, North Florinebury, North Carolina, 49424-5127",6,Haleigh Anderson,https://loremflickr.com/320/240/selfie/?random=,6,Implementation navigate Baby Tasty Wooden Gloves GB leverage Personal Loan Account,2,Sat Jun 07 1980
1,"651 Ferry Harbor, North Florinebury, North Carolina, 49424-5127",7,Ellis Halvorson,https://loremflickr.com/320/240/selfie/?random=,7,Israel impactful salmon Marketing program projection Planner Central Tasty Soft Soap Saint Vincent and the Grenadines,5,Thu Oct 20 2005
1,"651 Ferry Harbor, North Florinebury, North Carolina, 49424-5127",8,Selena Cartwright,https://loremflickr.com/320/240/selfie/?random=,8,Rustic Plastic Soap Alabama CSS withdrawal Senior Money Market Account Planner Orchestrator deposit platforms Tasty Checking Account throughput Generic Rubber Hat port Product Rustic Fresh Tuna solutions Tennessee structure copying,4,Mon Jan 25 2016
1,"651 Ferry Harbor, North Florinebury, North Carolina, 49424-5127",9,Harmony Cruickshank,https://loremflickr.com/320/240/selfie/?random=,9,Mountain Paraguay Fish Soft,5,Tue Jul 18 1989
1,"651 Ferry Harbor, North Florinebury, North Carolina, 49424-5127",10,Hosea Satterfield,https://loremflickr.com/320/240/selfie/?random=,10,Creative infomediaries Auto Loan Account well-modulated gold,0,Mon Sep 22 1980
1,"651 Ferry Harbor, North Florinebury, North Carolina, 49424-5127",11,Hank Senger,https://loremflickr.com/320/240/selfie/?random=,11,Versatile Home Loan Account Haiti compressing Ergonomic process improvement orchestration Customizable viral niches Sri Lanka Rupee Grove holistic quantifying bi-directional withdrawal Future District technologies Auto Loan Account,2,Thu Aug 23 2001
1,"651 Ferry Harbor, North Florinebury, North Carolina, 49424-5127",12,Earnestine Schuster,https://loremflickr.com/320/240/selfie/?random=,12,Home,4,Tue Nov 06 2007
1,"651 Ferry Harbor, North Florinebury, North Carolina, 49424-5127",13,Mozelle Parker,https://loremflickr.com/320/240/selfie/?random=,13,Auto Loan Account application Keyboard,4,Fri Jul 01 1988
1,"651 Ferry Harbor, North Florinebury, North Carolina, 49424-5127",14,Darrell Christiansen,https://loremflickr.com/320/240/selfie/?random=,14,internet solution Kansas Liaison Mountain Florida utilize Lead calculating regional toolset Cambridgeshire orchid Congolese Franc,2,Tue Apr 09 2013
1,"651 Ferry Harbor, North Florinebury, North Carolina, 49424-5127",15,Samantha Kemmer,https://loremflickr.com/320/240/selfie/?random=,15,maroon Pula invoice Representative global contextually-based Shoes Massachusetts brand COM Multi-lateral deposit partnerships Berkshire Implemented Granite Awesome Concrete Bacon data-warehouse incremental alarm,5,Fri Apr 22 1988
1,"651 Ferry Harbor, North Florinebury, North Carolina, 49424-5127",16,Jeremie Monahan,https://loremflickr.com/320/240/selfie/?random=,16,hard drive Cambridgeshire transmitting Tasty Cotton Pants index,1,Sat Jan 28 2006
1,"651 Ferry Harbor, North Florinebury, North Carolina, 49424-5127",17,Waldo Orn,https://loremflickr.com/320/240/selfie/?random=,17,,3,Thu Jun 04 2009
1,"651 Ferry Harbor, North Florinebury, North Carolina, 49424-5127",18,Elouise Hagenes,https://loremflickr.com/320/240/selfie/?random=,18,User-centric Berkshire Steel project,1,Sun Jul 18 2004
1,"651 Ferry Harbor, North Florinebury, North Carolina, 49424-5127",19,Kyla DuBuque,https://loremflickr.com/320/240/selfie/?random=,19,Land,1,Sat Feb 23 2002
1,"651 Ferry Harbor, North Florinebury, North Carolina, 49424-5127",20,Sigurd Reilly,https://loremflickr.com/320/240/selfie/?random=,20,Wooden Bedfordshire mobile,5,Tue Jan 29 1991
2,"639 Gaylord Knolls, Jillianville, New Jersey, 20737",21,Demetrius Trantow,https://loremflickr.com/320/240/selfie/?random=,21,Incredible Soft Bike Toys District withdrawal synthesize payment product withdrawal invoice Bahrain Enhanced Awesome East Caribbean Dollar Sleek Concrete Car,2,Thu Jun 19 1986
2,"639 Gaylord Knolls, Jillianville, New Jersey, 20737",22,Darrell Koelpin,https://loremflickr.com/320/240/selfie/?random=,22,Cambridgeshire Arizona facilitate Auto Loan Account Chief Wooden,2,Sun Apr 17 1994
2,"639 Gaylord Knolls, Jillianville, New Jersey, 20737",23,Iva Bins,https://loremflickr.com/320/240/selfie/?random=,23,methodical Metal connect,5,Wed Jul 18 1984
2,"639 Gaylord Knolls, Jillianville, New Jersey, 20737",24,Sydney Boehm,https://loremflickr.com/320/240/selfie/?random=,24,Portugal Handcrafted card,2,Sun Nov 17 2013
2,"639 Gaylord Knolls, Jillianville, New Jersey, 20737",25,Cyrus Harris,https://loremflickr.com/320/240/selfie/?random=,25,Human Industrial Saint Helena Pound schemas streamline,4,Wed Jan 19 1977
2,"639 Gaylord Knolls, Jillianville, New Jersey, 20737",26,Dorcas Willms,https://loremflickr.com/320/240/selfie/?random=,26,Dynamic parsing analyzing aggregate modular service-desk uniform,5,Mon Feb 19 2007
2,"639 Gaylord Knolls, Jillianville, New Jersey, 20737",27,Gracie Rogahn,https://loremflickr.com/320/240/selfie/?random=,27,Rue Infrastructure cyan Vermont invoice innovate CSS Passage 1080p Iowa methodology,0,Wed Sep 27 1995
2,"639 Gaylord Knolls, Jillianville, New Jersey, 20737",28,Jadon Hintz,https://loremflickr.com/320/240/selfie/?random=,28,Gorgeous world-class national Consultant programming Research disintermediate Plastic copying,4,Fri Jul 20 1979
2,"639 Gaylord Knolls, Jillianville, New Jersey, 20737",29,Margarette Cartwright,https://loremflickr.com/320/240/selfie/?random=,29,Home Bridge Bedfordshire Automotive invoice responsive Maine encoding SQL supply-chains Grocery clicks-and-mortar Fresh Bahamas utilize Berkshire Ford enterprise Fresh leading-edge deposit Integrated non-volatile model Chips Refined harness,0,Wed Feb 02 1994
3,"81621 Cummings Walks, Faustochester, Maine, 89330-5108",30,Pierce Runte,https://loremflickr.com/320/240/selfie/?random=,30,users redundant virtual microchip productize SCSI Web benchmark Cambridgeshire Specialist one-to-one Money Market Account index Savings Account,1,Tue Jul 15 1986
3,"81621 Cummings Walks, Faustochester, Maine, 89330-5108",31,Abbigail Becker,https://loremflickr.com/320/240/selfie/?random=,31,cross-platform Direct Security black Auto Loan Account web-enabled compress Maryland Niue index installation Officer Tactics reboot Mobility Principal Guatemala ROI Landing Fresh Pennsylvania e-tailers Multi-lateral Multi-tiered Andorra Tanzanian Shilling,4,Mon May 29 1989
3,"81621 Cummings Walks, Faustochester, Maine, 89330-5108",32,Shea Bogan,https://loremflickr.com/320/240/selfie/?random=,32,Solutions teal array AI Tasty brand e-commerce program Dale generate Handcrafted Rubber Chicken Operations Cotton Dynamic Future driver,2,Thu Apr 22 1982
3,"81621 Cummings Walks, Faustochester, Maine, 89330-5108",33,Makayla Kunze,https://loremflickr.com/320/240/selfie/?random=,33,Dynamic Alaska Unbranded Frozen Mouse Incredible Frozen Sausages Tasty Plastic Chips Djibouti Franc generating upward-trending Cotton robust leading-edge program dot-com Barbados Dollar Louisiana Dong neural syndicate Practical Metal Hat fresh-thinking SCSI Gorgeous Metal Hat Creative core,4,Wed Nov 17 1976
3,"81621 Cummings Walks, Faustochester, Maine, 89330-5108",34,Maud Mraz,https://loremflickr.com/320/240/selfie/?random=,34,JBOD,1,Thu Aug 02 2001
3,"81621 Cummings Walks, Faustochester, Maine, 89330-5108",35,Melyna Stamm,https://loremflickr.com/320/240/selfie/?random=,35,TCP navigate Creative Indiana Montserrat maroon copying Dynamic bypassing Credit Card Account system web-enabled Cambridgeshire encompassing Credit Card Account Iranian Rial Functionality networks Cross-group Fantastic Fresh Shirt navigating,5,Tue Aug 29 1978
3,"81621 Cummings Walks, Faustochester, Maine, 89330-5108",36,Fiona Greenfelder,https://loremflickr.com/320/240/selfie/?random=,36,compress Legacy Armenian Dram Liaison Rustic Fresh Tuna Paraguay Granite Rustic Fresh Chicken Michigan motivating Brand Regional regional copying cultivate Rubber Regional Dominican Peso deposit indexing Washington International Digitized e-enable collaboration Plastic Fantastic Metal Mouse Berkshire Checking Account,4,Wed Jan 05 2011
3,"81621 Cummings Walks, Faustochester, Maine, 89330-5108",37,Lizeth Jacobi,https://loremflickr.com/320/240/selfie/?random=,37,Wooden Industrial Wooden Puerto Rico alarm Savings Account open-source Auto Loan Account bypass Intelligent Fresh Sausages Configuration compress Frozen Strategist Computers Madagascar Fresh Buckinghamshire Alaska optical Direct incremental virtual Officer artificial intelligence models Algerian Dinar Small,4,Sun Mar 24 1991
3,"81621 Cummings Walks, Faustochester, Maine, 89330-5108",38,Elwyn Von,https://loremflickr.com/320/240/selfie/?random=,38,Research cross-platform exuding quantifying Gorgeous Developer Agent Assurance Wisconsin Multi-lateral bifurcated ubiquitous Sleek Plastic Mouse radical Orchestrator violet Denar Cote d'Ivoire revolutionary Grass-roots mobile Functionality silver interface algorithm Somali Shilling THX,4,Fri Nov 28 1975
4,"622 Leannon Motorway, Vandervorthaven, California, 04047-7809",39,Kathryn Davis,https://loremflickr.com/320/240/selfie/?random=,39,matrix drive,5,Mon Mar 18 1991
4,"622 Leannon Motorway, Vandervorthaven, California, 04047-7809",40,Llewellyn Windler,https://loremflickr.com/320/240/selfie/?random=,40,withdrawal New Jersey Cotton bluetooth e-enable,1,Wed May 21 1975
4,"622 Leannon Motorway, Vandervorthaven, California, 04047-7809",41,Casandra Schmitt,https://loremflickr.com/320/240/selfie/?random=,41,Steel networks embrace Corporate Fantastic Money Market Account Automotive Licensed Ergonomic Frozen Keyboard Rustic Rubber Mouse,2,Tue Jan 25 2011
4,"622 Leannon Motorway, Vandervorthaven, California, 04047-7809",42,Vance Willms,https://loremflickr.com/320/240/selfie/?random=,42,Kentucky Intranet Principal Specialist Consultant Technician auxiliary SCSI Orchestrator CSS indexing channels Triple-buffered,5,Wed Jul 16 1975
4,"622 Leannon Motorway, Vandervorthaven, California, 04047-7809",43,Alphonso Jerde,https://loremflickr.com/320/240/selfie/?random=,43,Sleek Handmade indigo purple Designer Handmade Cotton Chicken Steel Cotton Intuitive Borders Agent Metal installation Research withdrawal Cotton connecting Metal Lane firewall Moldova Stream Metal,0,Thu Sep 16 1971
4,"622 Leannon Motorway, Vandervorthaven, California, 04047-7809",44,Naomie Ziemann,https://loremflickr.com/320/240/selfie/?random=,44,workforce best-of-breed architect Robust Ports distributed,0,Tue Jun 01 2010
4,"622 Leannon Motorway, Vandervorthaven, California, 04047-7809",45,Kiera Dickens,https://loremflickr.com/320/240/selfie/?random=,45,Buckinghamshire reboot Assurance Granite invoice Road,4,Tue Apr 07 1998
4,"622 Leannon Motorway, Vandervorthaven, California, 04047-7809",46,Domenic O'Reilly,https://loremflickr.com/320/240/selfie/?random=,46,France sky blue Object-based disintermediate Isle of Man Credit Card Account sky blue Metal Coves Computers transmit Micronesia Producer Georgia auxiliary quantifying applications Books strategic Secured synthesize Human Generic Wooden Car deposit Investor Practical Home Loan Account Rubber,2,Sun Jan 09 1977
4,"622 Leannon Motorway, Vandervorthaven, California, 04047-7809",47,Megane Hoppe,https://loremflickr.com/320/240/selfie/?random=,47,Skyway uniform West Virginia Upgradable quantify Fantastic architectures turquoise Berkshire Persevering maximize orchestrate Program invoice Hat GB redundant payment Peru Director Directives robust killer Accountability functionalities ubiquitous Personal Loan Account Buckinghamshire Towels,3,Mon Aug 31 2009
4,"622 Leannon Motorway, Vandervorthaven, California, 04047-7809",48,Jessy Adams,https://loremflickr.com/320/240/selfie/?random=,48,Sports Table Vision-oriented vortals Uzbekistan Intelligent sexy extend pink Rand Loti Intelligent Cotton Salad USB Hat Applications solid state Car index connect Awesome Frozen Car Shoes Cape Verde regional Programmable Consultant Gloves compressing Ouguiya back-end,2,Sat Oct 03 1987
5,"67145 Zemlak Corner, Hettingerchester, Maine, 09207-6829",49,Vivien Wehner,https://loremflickr.com/320/240/selfie/?random=,49,Guyana IB Refined Shoes Rupiah Checking Account Investment Account Sleek Berkshire port bluetooth schemas open-source zero defect Berkshire Soft withdrawal facilitate Soap XML Licensed quantifying Refined wireless Unbranded Rubber Salad Plains best-of-breed,3,Fri Dec 08 1978
5,"67145 Zemlak Corner, Hettingerchester, Maine, 09207-6829",50,Rita McDermott,https://loremflickr.com/320/240/selfie/?random=,50,Automotive Keyboard Unbranded Pakistan Rupee Dale TCP Cape Verde,5,Fri Dec 26 2003
5,"67145 Zemlak Corner, Hettingerchester, Maine, 09207-6829",51,Ford Hoeger,https://loremflickr.com/320/240/selfie/?random=,51,logistical implement panel Director compress Rand Namibia Dollar optimize Human turquoise implement Games bypass Lead navigate deposit Wisconsin Belize Dollar Pants Massachusetts Buckinghamshire Berkshire green,3,Mon Oct 14 1991
5,"67145 Zemlak Corner, Hettingerchester, Maine, 09207-6829",52,Myrtice Crooks,https://loremflickr.com/320/240/selfie/?random=,52,feed Handmade neural Lakes payment Virginia Practical Rubber Chair incentivize analyzing Focused lime payment Somali Shilling data-warehouse 4th generation Rustic Future,4,Wed Aug 07 2013
5,"67145 Zemlak Corner, Hettingerchester, Maine, 09207-6829",53,Charles Huels,https://loremflickr.com/320/240/selfie/?random=,53,Buckinghamshire mobile deliverables primary multi-byte,5,Tue Feb 17 2009
5,"67145 Zemlak Corner, Hettingerchester, Maine, 09207-6829",54,Rey McDermott,https://loremflickr.com/320/240/selfie/?random=,54,navigating PCI transmit explicit Pines functionalities,4,Sun Nov 18 2012
5,"67145 Zemlak Corner, Hettingerchester, Maine, 09207-6829",55,Stone Kassulke,https://loremflickr.com/320/240/selfie/?random=,55,digital Interactions Causeway quantifying Engineer Hong Kong Dollar French Southern Territories Money Market Account holistic matrix solid state extend Plain Divide Berkshire contingency,4,Sat Aug 08 1987
5,"67145 Zemlak Corner, Hettingerchester, Maine, 09207-6829",56,Mafalda Hodkiewicz,https://loremflickr.com/320/240/selfie/?random=,56,sensor orchid Steel driver hack ivory HDD pink,0,Wed Jan 17 2007
6,"024 Leuschke Roads, Port Chandlerburgh, Montana, 95574",57,Faye Lemke,https://loremflickr.com/320/240/selfie/?random=,57,Money Market Account Romania United States Minor Outlying Islands Strategist Rupiah metrics 24/7 Brooks enhance indexing California digital turquoise Cross-group Fantastic Consultant Books HTTP partnerships Bedfordshire Division Home Loan Account repurpose Investment Account,2,Mon May 22 1978
6,"024 Leuschke Roads, Port Chandlerburgh, Montana, 95574",58,Abe Emmerich,https://loremflickr.com/320/240/selfie/?random=,58,mobile Kwacha Steel Movies reboot Architect wireless Intelligent interfaces modular bypass Assistant,4,Sat Jul 18 2015
7,"20003 Moises Pass, Baumbachview, Connecticut, 94090",59,Jerel Emmerich,https://loremflickr.com/320/240/selfie/?random=,59,Pennsylvania Intranet Fork American Samoa Tasty Frozen Car attitude Fords grow back up Technician EXE Platinum deposit Incredible Rustic,2,Fri Jan 06 1989
7,"20003 Moises Pass, Baumbachview, Connecticut, 94090",60,Adaline Wilkinson,https://loremflickr.com/320/240/selfie/?random=,60,Garden Metal Implementation Money Market Account Direct SMTP programming Savings Account Fork,1,Sat Nov 26 1994
7,"20003 Moises Pass, Baumbachview, Connecticut, 94090",61,Marc Williamson,https://loremflickr.com/320/240/selfie/?random=,61,Automotive Shoes Street Cambridgeshire multi-byte Kansas Cotton JSON Cambridgeshire Toys pricing structure intangible Future monitor Keyboard Fantastic Fresh Bike Front-line rich interactive transmitting quantify PNG,2,Tue Mar 30 2010
7,"20003 Moises Pass, Baumbachview, Connecticut, 94090",62,Hazel Shanahan,https://loremflickr.com/320/240/selfie/?random=,62,functionalities programming Refined Metal Sausages Games Personal Loan Account repurpose West Virginia Mews Toys HDD Practical Concrete Tuna interface Jewelery Integration El Salvador,2,Sun Sep 29 1996
7,"20003 Moises Pass, Baumbachview, Connecticut, 94090",63,Ruby Lynch,https://loremflickr.com/320/240/selfie/?random=,63,back-end Rubber Bedfordshire Concrete aggregate Coves transmit silver plum Mobility Communications Belize Dollar matrix ability Sausages invoice neural New Taiwan Dollar Administrator metrics Analyst Optimization disintermediate copying object-oriented Wooden ubiquitous Croatia Grocery,5,Sat Sep 25 1971
7,"20003 Moises Pass, Baumbachview, Connecticut, 94090",64,Abbie Shanahan,https://loremflickr.com/320/240/selfie/?random=,64,Bolivia Tunisia synthesizing microchip Chicken Sports Persistent Clothing Officer repurpose fault-tolerant Handcrafted Fresh Salad Tasty Metal Assimilated quantify quantifying wireless Group connecting auxiliary payment strategize Unbranded Cotton Mouse disintermediate Research grey niches Spring,0,Thu Jul 30 1992
7,"20003 Moises Pass, Baumbachview, Connecticut, 94090",65,Vincenzo Schiller,https://loremflickr.com/320/240/selfie/?random=,65,Dynamic Anguilla Checking Account,5,Thu Mar 20 1986
7,"20003 Moises Pass, Baumbachview, Connecticut, 94090",66,Aiyana Mann,https://loremflickr.com/320/240/selfie/?random=,66,Cliffs Investment Account Grass-roots redefine Canada Supervisor orange online solid state Tools Graphic Interface Checking Account monetize initiatives content ivory port Pennsylvania Credit Card Account matrix Comoros Quality backing up Bedfordshire turquoise Checking Account Morocco Handmade Cotton Table,4,Mon Nov 14 1983
7,"20003 Moises Pass, Baumbachview, Connecticut, 94090",67,Eldred Hegmann,https://loremflickr.com/320/240/selfie/?random=,67,Rustic Cotton Chicken Chair back-end Pizza mission-critical Fresh Taka redefine overriding Handcrafted reciprocal back up Fresh Pennsylvania Afghanistan modular Spurs deliver uniform B2B payment Licensed primary Automotive encryption,2,Mon May 09 1983
8,"455 Quincy Valleys, Wittingmouth, South Carolina, 34215",68,Rex Strosin,https://loremflickr.com/320/240/selfie/?random=,68,Shoes Nevada Accountability Bosnia and Herzegovina backing up sensor neural Home Loan Account national mindshare Internal lime Nevada utilize reboot withdrawal sensor,4,Sun Jan 28 1996
8,"455 Quincy Valleys, Wittingmouth, South Carolina, 34215",69,Morris Johnston,https://loremflickr.com/320/240/selfie/?random=,69,generate platforms wireless Alaska indigo SQL copying Awesome Cotton Shoes,0,Thu Feb 01 1996
8,"455 Quincy Valleys, Wittingmouth, South Carolina, 34215",70,William Powlowski,https://loremflickr.com/320/240/selfie/?random=,70,empower Incredible Estate Micronesia red navigating Architect Home Loan Account Human green back-end Peso Uruguayo Uruguay Peso en Unidades Indexadas parse Arizona User-centric infomediaries HDD purple Incredible Bedfordshire logistical Data Checking Account real-time Optimization Soft SCSI Massachusetts,3,Fri Dec 29 2017
8,"455 Quincy Valleys, Wittingmouth, South Carolina, 34215",71,Fredy Roberts,https://loremflickr.com/320/240/selfie/?random=,71,Personal Loan Account Djibouti well-modulated productivity viral Awesome Steel Car CSS Plastic,1,Thu Jan 25 2001
8,"455 Quincy Valleys, Wittingmouth, South Carolina, 34215",72,Edythe Treutel,https://loremflickr.com/320/240/selfie/?random=,72,withdrawal Mobility synthesize Administrator Reduced auxiliary object-oriented Prairie Berkshire payment XML invoice harness Georgia needs-based Avon Small Soft Car Direct,3,Tue Mar 10 1987
8,"455 Quincy Valleys, Wittingmouth, South Carolina, 34215",73,Emory Wehner,https://loremflickr.com/320/240/selfie/?random=,73,Realigned system engine Concrete deposit utilize hack Legacy Nevada withdrawal Sleek Wooden Computer Music Lithuanian Litas infrastructures Vermont Quality Internal Ohio backing up Steel connect Salad Massachusetts,1,Thu Sep 10 1981
8,"455 Quincy Valleys, Wittingmouth, South Carolina, 34215",74,Rogers Stehr,https://loremflickr.com/320/240/selfie/?random=,74,Monitored CSS Accountability Cambridgeshire strategize TCP Savings Account Myanmar,3,Wed Nov 14 2018
8,"455 Quincy Valleys, Wittingmouth, South Carolina, 34215",75,Katheryn Bauch,https://loremflickr.com/320/240/selfie/?random=,75,Cove Licensed Steel Shoes calculate Public-key withdrawal Computers methodology synthesizing United Kingdom Functionality Tunnel payment copying HDD Incredible,5,Fri Apr 28 1978
8,"455 Quincy Valleys, Wittingmouth, South Carolina, 34215",76,Coty Hilpert,https://loremflickr.com/320/240/selfie/?random=,76,Metal RSS override Gold cross-platform Lead Public-key 6th generation Frozen Sleek Music Implementation auxiliary Outdoors lavender Communications payment Beauty Buckinghamshire approach maximized Skyway Alaska,4,Wed Aug 22 2001
8,"455 Quincy Valleys, Wittingmouth, South Carolina, 34215",77,Elmer Wuckert,https://loremflickr.com/320/240/selfie/?random=,77,Universal Checking Account Agent Borders Station Soft Tennessee Niger Mouse olive ivory Function-based uniform migration Usability overriding Multi-layered Avon grey Bike back up navigating Jewelery Lead Small Cotton Shirt Intelligent Fresh Gloves Focused Steel,3,Thu Jan 03 2019
9,"0559 Kessler Branch, Whitehaven, Louisiana, 42445",78,Jacey Harvey,https://loremflickr.com/320/240/selfie/?random=,78,innovate Fresh Self-enabling Won panel deposit Sleek Rubber Computer Unions payment Dominican Republic Cotton Awesome Cotton Sausages next-generation Seamless B2B Multi-channelled monetize flexibility Buckinghamshire Glens,4,Tue Sep 22 1981
9,"0559 Kessler Branch, Whitehaven, Louisiana, 42445",79,Adelle Steuber,https://loremflickr.com/320/240/selfie/?random=,79,Mountain fuchsia Infrastructure Buckinghamshire Rubber Table,0,Sun Jan 09 1994
9,"0559 Kessler Branch, Whitehaven, Louisiana, 42445",80,Ethel Deckow,https://loremflickr.com/320/240/selfie/?random=,80,Borders Alabama parse Chips Turkish Lira SQL Djibouti Franc mobile orchid Cambridgeshire FTP Bacon connecting multi-byte Consultant Investment Account California Accountability impactful Mouse Incredible Wooden Sausages compress eco-centric Polarised,2,Fri Mar 09 2007
9,"0559 Kessler Branch, Whitehaven, Louisiana, 42445",81,Grant Ebert,https://loremflickr.com/320/240/selfie/?random=,81,networks Generic Granite Keyboard Steel Vanuatu Unbranded Tactics Stand-alone user-facing copy calculating payment Administrator Money Market Account Investor Ergonomic harness synthesize Soft Fantastic Cotton Sausages Cheese Naira withdrawal input maroon IB Florida ROI Towels Home Loan Account,5,Fri Jan 26 1979
9,"0559 Kessler Branch, Whitehaven, Louisiana, 42445",82,Ashton Eichmann,https://loremflickr.com/320/240/selfie/?random=,82,Public-key Ford deposit payment Bedfordshire Open-architected Computer invoice Granite,5,Wed Sep 21 1988
9,"0559 Kessler Branch, Whitehaven, Louisiana, 42445",83,Bailee Klocko,https://loremflickr.com/320/240/selfie/?random=,83,Unbranded Wooden Computer interfaces systematic Cambridgeshire card Fantastic Soft Shirt,0,Sun Nov 05 2000
9,"0559 Kessler Branch, Whitehaven, Louisiana, 42445",84,Jessika Rodriguez,https://loremflickr.com/320/240/selfie/?random=,84,partnerships Auto Loan Account digital sticky ubiquitous Implementation navigate Ergonomic Plastic Fish Fantastic Frozen Bike Unions architecture Self-enabling firewall Technician cross-platform brand Marketing Incredible synthesize Networked bus deposit technologies Investment Account Bahamian Dollar Bike Customer quantify,0,Mon May 02 1983
9,"0559 Kessler Branch, Whitehaven, Louisiana, 42445",85,Lexi Weissnat,https://loremflickr.com/320/240/selfie/?random=,85,Junctions reintermediate backing up Kids Wooden Robust,0,Fri Jan 24 2003
9,"0559 Kessler Branch, Whitehaven, Louisiana, 42445",86,Dereck Wiza,https://loremflickr.com/320/240/selfie/?random=,86,generate AI haptic reboot Wooden Grove Metal Sao Tome and Principe Health Netherlands Ergonomic reinvent Human turn-key Beauty Licensed Beauty,3,Sun May 31 2015
9,"0559 Kessler Branch, Whitehaven, Louisiana, 42445",87,Omer Osinski,https://loremflickr.com/320/240/selfie/?random=,87,compress Producer Future Manor Borders structure primary neural-net Investment Account Utah mobile Auto Loan Account withdrawal Tanzanian Shilling Kansas Pizza Loop SDR navigate hacking Tools Health architect SCSI matrix Squares Refined Granite Cheese,1,Mon Sep 15 1997
9,"0559 Kessler Branch, Whitehaven, Louisiana, 42445",88,Craig Smith,https://loremflickr.com/320/240/selfie/?random=,88,Versatile Hawaii virtual Industrial bleeding-edge Metal Outdoors maroon Streamlined facilitate Administrator Rhode Island Chicken protocol ivory Arizona cross-media payment deposit Granite Expanded Union Metrics virtual innovate Product collaborative,4,Thu Jun 23 1988
9,"0559 Kessler Branch, Whitehaven, Louisiana, 42445",89,Miracle Powlowski,https://loremflickr.com/320/240/selfie/?random=,89,copy Checking Account Computer Wooden Baby transition Legacy Shoes world-class Officer contextually-based,0,Thu Mar 20 2003
9,"0559 Kessler Branch, Whitehaven, Louisiana, 42445",90,Dejon Hane,https://loremflickr.com/320/240/selfie/?random=,90,Switchable transmitting incentivize Auto Loan Account Bedfordshire neural Forward Montana Producer interface Music efficient pink Developer Berkshire Practical,3,Sat May 28 1994
9,"0559 Kessler Branch, Whitehaven, Louisiana, 42445",91,Ines Ortiz,https://loremflickr.com/320/240/selfie/?random=,91,Reverse-engineered Investor invoice Tactics THX Agent bluetooth Face to face indexing Triple-buffered deposit integrated fuchsia Applications full-range sensor access Avon Buckinghamshire Specialist,5,Mon Aug 26 2013
9,"0559 Kessler Branch, Whitehaven, Louisiana, 42445",92,Johnnie Hyatt,https://loremflickr.com/320/240/selfie/?random=,92,integrate Optimization Refined Granite Shirt Dynamic New Mexico Auto Loan Account maroon XSS hardware Representative Avon Investment Account evolve Assurance,1,Wed Aug 08 1990
9,"0559 Kessler Branch, Whitehaven, Louisiana, 42445",93,Rico Boehm,https://loremflickr.com/320/240/selfie/?random=,93,Lead Holy See (Vatican City State) tan Bahraini Dinar high-level tangible bypassing networks quantifying Savings Account open architecture Awesome morph portals,0,Sun Dec 18 1977
9,"0559 Kessler Branch, Whitehaven, Louisiana, 42445",94,Aliya Gislason,https://loremflickr.com/320/240/selfie/?random=,94,Salad Small Cotton Health white Handmade payment SDD Arizona emulation Supervisor PCI hacking Denar mindshare Handmade Fresh Table bypass Leone,5,Mon Dec 15 1986
9,"0559 Kessler Branch, Whitehaven, Louisiana, 42445",95,Lenore Jenkins,https://loremflickr.com/320/240/selfie/?random=,95,Incredible bypass South Carolina Assistant Illinois empower Cotton withdrawal Self-enabling pricing structure Kuwaiti Dinar calculate tan Rapids overriding,3,Sat May 04 2002
9,"0559 Kessler Branch, Whitehaven, Louisiana, 42445",96,Addison Kilback,https://loremflickr.com/320/240/selfie/?random=,96,Plastic Plastic Tunisia Avon,1,Wed Jan 27 1988
9,"0559 Kessler Branch, Whitehaven, Louisiana, 42445",97,Giles Deckow,https://loremflickr.com/320/240/selfie/?random=,97,Soft Pennsylvania Soft Borders USB application Light Chips index Granite calculating Borders feed USB intranet Global connecting Configuration Borders local Frozen Mountains calculating,2,Fri Mar 25 2011
9,"0559 Kessler Branch, Whitehaven, Louisiana, 42445",98,Naomi Glover,https://loremflickr.com/320/240/selfie/?random=,98,vertical Fantastic Soft Gloves functionalities Architect green JBOD mobile Bedfordshire system invoice Group withdrawal,1,Wed Nov 12 1975
9,"0559 Kessler Branch, Whitehaven, Louisiana, 42445",99,Ayden Upton,https://loremflickr.com/320/240/selfie/?random=,99,Chair driver Centralized Steel backing up Georgia matrix Analyst Credit Card Account user-facing digital Table Licensed Metal Gloves infomediaries Cambridgeshire Valley Rustic productivity index ROI lavender microchip Concrete supply-chains moratorium Grocery Specialist navigate,4,Fri Sep 04 1998
9,"0559 Kessler Branch, Whitehaven, Louisiana, 42445",100,Selina Corwin,https://loremflickr.com/320/240/selfie/?random=,100,Steel benchmark circuit Shoes ROI back-end,5,Wed Aug 13 2014
